,0,1,2,3,4,5
0,1.0,3:21.75A,University of Arkansas,1r3,Albuquerque,11.03.2023
1,,,Amber Anning,(51.47),18.11.00,GBR
2,,,Joanne Reid,(50.52),25.12.01,JAM
3,,,Rosaline Effiong,(50.57),08.05.01,USA
4,,,Britton Wilson,(49.20),13.11.00,USA
5,2.0,3:23.37,Russia,1,Glasgow,28.01.2006
6,,,Yuliya Gushchina,(51.75),04.03.83,RUS
7,,,Olga Kotlyarova,(50.40),12.04.76,RUS
8,,,Olga Zaytseva,(51.03),10.11.84,RUS
9,,,Olesya Krasnomovets,(50.19),08.07.79,RUS
10,3.0,3:23.85,United States,1,Birmingham,04.03.2018
11,,,Quanera Hayes,(51.51),07.03.92,USA
12,,,Georganne Moline,(50.87),06.03.90,USA
13,,,Shakima Wimbley,(51.29),23.04.95,USA
14,,,Courtney Okolo,(50.18),15.03.94,USA
15,4.0,3:23.88,Russia,1,Budapest,07.03.2004
16,,,Olesya Krasnomovets,(51.37),08.07.79,RUS
17,,,Olga Kotlyarova,(50.12),12.04.76,RUS
18,,,Tatyana Levina,(52.50),28.02.77,RUS
19,,,Natalya Nazarova,(49.89),22.05.79,RUS
20,5.0,3:24.09,University of Arkansas,1r3,College Station,26.02.2022
21,,,Rosaline Effiong,(51.97),08.05.01,USA
22,,,Jayla Hollis,(51.70),03.09.02,USA
23,,,Shafiqua Maloney,(50.60),27.02.99,VIN
24,,,Britton Wilson,(49.84),13.11.00,USA
25,6.0,3:24.25,Russia,1,Maebashi,07.03.1999
26,,,Tatyana Chebykina,(51.68),22.11.68,RUS
27,,,Svetlana Goncharenko,(50.30),26.05.71,RUS
28,,,Olga Kotlyarova,(50.77),12.04.76,RUS
29,,,Natalya Nazarova,(51.50),22.05.79,RUS
30,7.0,3:24.83,United States,1,Sopot,09.03.2014
31,,,Natasha Hastings,(51.89),23.07.86,USA
32,,,Joanna Atkins,(50.91),31.01.89,USA
33,,,Francena McCorory,(50.33),20.10.88,USA
34,,,Cassandra Tate,(51.70),11.09.90,USA
35,8.0,3:24.91,Russia,1,Moskva,12.03.2006
36,,,Tatyana Levina,(51.63),28.02.77,RUS
37,,,Natalya Nazarova,(51.21),22.05.79,RUS
38,,,Olesya Krasnomovets,(50.69),08.07.79,RUS
39,,,Natalya Antyukh,(51.38),26.06.81,RUS
40,9.0,3:25.43,Texas A&M University,2r3,College Station,26.02.2022
41,,,Laila Owens,(52.12),24.10.02,USA
42,,,Tierra Robinson-Jones,(51.77),22.11.99,USA
43,,,Syaira Richardson,(51.48),29.10.98,USA
44,,,Charokee Young,(50.08),21.08.00,JAM
45,10.0,3:25.66,The Netherlands,1,Istanbul,05.03.2023
46,,,Lieke Klaver,(50.67),20.08.98,NED
47,,,Eveline Saalberg,(52.27),30.07.98,NED
48,,,Cathelijn Peeters,(53.14),06.11.96,NED
49,,,Femke Bol,(49.58),23.02.00,NED
50,11.0,3:25.67A,University of Texas,2r3,Albuquerque,11.03.2023
51,,,Rachel Helbling,(52.46),,USA
52,,,Kennedy Simon,(50.69),12.02.00,USA
53,,,Julien Alfred,(51.76),10.06.01,LCA
54,,,Rhasidat Adeleke,(50.77),29.08.02,IRL
55,12.0,3:25.89,University of Kentucky,3r3,College Station,26.02.2022
56,,,Megan Moss,(52.76),22.03.02,BAH
57,,,Abby Steiner,(51.87),24.11.99,USA
58,,,Karimah Davis,(50.93),23.11.98,USA
59,,,Alexis Holmes,(50.36),28.01.00,USA
60,13.0,3:25.91,Russia,1h1,Moskva,12.03.2006
61,,,Yuliya Gushchina,(51.62),04.03.83,RUS
62,,,Tatyana Veshkurova,(52.27),23.09.81,RUS
63,,,Tatyana Levina,(51.03),28.02.77,RUS
64,,,Natalya Antyukh,(50.99),26.06.81,RUS
65,14.0,3:26.09,Poland,2,Birmingham,04.03.2018
66,,,Justyna Swiety-Ersetic,(52.18),03.12.92,POL
67,,,Patrycyja Wyciszkiewicz,(50.97),08.01.94,POL
68,,,Aleksandra Gaworska,(51.31),07.11.95,POL
69,,,Malgorzata Holub-Kowalik,(51.63),30.10.92,POL
70,15.0,3:26.27,Texas A&M University,1r2,Fayetteville,13.02.2021
71,,,Jania Martin,(53.04),09.05.00,USA
72,,,Charokee Young,(51.86),21.08.00,JAM
73,,,Syaira Richardson,(51.12),29.10.98,USA
74,,,Athing Mu,(50.27),08.06.02,USA
75,16.0,3:26.38,United States,1,Portland,20.03.2016
76,,,Natasha Hastings,(51.88),23.07.86,USA
77,,,Quanera Hayes,(50.99),07.03.92,USA
78,,,Courtney Okolo,(50.80),15.03.94,USA
79,,,Ashley Spencer,(52.74),06.06.93,USA
80,17.0,3:26.40,University of Arkansas,1r7,Fayetteville,28.01.2023
81,,,Amber Anning,(51.19),18.11.00,GBR
82,,,Nickisha Pryce,(51.34),07.03.01,JAM
83,,,Paris Peoples,(51.99),27.05.00,USA
84,,,Rosaline Effiong,(50.90),08.05.01,USA
85,18.0,3:26.54,Jamaica,2,Sopot,09.03.2014
86,,,Patricia Hall,(52.80),16.10.82,JAM
87,,,Anneisha McLaughlin-Whil,(51.25),06.01.86,JAM
88,,,Kaliese Spencer,(51.13),06.04.87,JAM
89,,,Stephenie Ann McPherson,(51.36),25.11.88,JAM
90,19.0,3:26.68,Texas A&M University,1r3,Fayetteville,13.03.2021
91,,,Jania Martin,(53.16),09.05.00,USA
92,,,Charokee Young,(50.97),21.08.00,JAM
93,,,Tierra Robinson-Jones,(53.02),22.11.99,USA
94,,,Athing Mu,(49.54),08.06.02,USA
95,20.0,3:26.84,Russia,1,Paris,09.03.1997
96,,,Tatyana Chebykina,(52.97),22.11.68,RUS
97,,,Svetlana Goncharenko,(51.28),26.05.71,RUS
98,,,Olga Kotlyarova,(51.45),12.04.76,RUS
99,,,Tatyana Alekseyeva,(51.14),07.10.63,RUS
100,21.0,3:26.87,Australia,2,Maebashi,07.03.1999
101,,,Susan Andrews,(52.33),26.05.71,AUS
102,,,Tania Van Heer-Murphy,(51.45),30.12.70,AUS
103,,,Tamsyn Manou,(51.32),20.07.78,AUS
104,,,Cathy Freeman,(51.77),16.02.73,AUS
105,22.0,3:26.99A,Texas A&M University,3r3,Albuquerque,11.03.2023
106,,,Jermaisha Arnold,(51.86),05.02.02,USA
107,,,Kennedy Wade,(50.98),22.07.03,USA
108,,,Jania Martin,(52.64),09.05.00,USA
109,,,Tierra Robinson-Jones,(51.52),22.11.99,USA
110,23.0,3:27.03,University of Southern C,1r3,College Station,11.03.2017
111,,,Cameron Pettigrew,(52.75),17.04.95,USA
112,,,Amalie Hammild Iuel,(51.65),17.04.94,NOR
113,,,Deanna Hill,(51.46),13.04.96,USA
114,,,Kendall Ellis,(51.18),08.03.96,USA
115,24.0,3:27.07,University of Oregon,2r3,College Station,11.03.2017
116,,,Makenzie Dunmore,(53.07),07.10.97,USA
117,,,Deajah Stevens,(51.11),19.05.95,USA
118,,,Elexis Guster,(51.74),07.07.94,USA
119,,,Raevyn Rogers,(51.16),07.09.96,USA
120,25.0,3:27.15,The Netherlands,1,Torun,07.03.2021
121,,,Lieke Klaver,(51.67),20.08.98,NED
122,,,Marit Dopheide,(53.18),28.12.90,NED
123,,,Lisanne de Witte,(52.31),10.09.92,NED
124,,,Femke Bol,(49.99),23.02.00,NED
125,26.0,3:27.22,Germany,1,Sevilla,10.03.1991
126,,,Sandra Seuser,(53.3),17.04.66,GER
127,,,Kathrin Schreiter,(52.7),24.02.69,GER
128,,,Annette Hesselbarth,(51.8),04.06.66,GER
129,,,Grit Breuer,(50.4),16.02.72,GER
130,27.0,3:27.23,University of Arkansas,1r3,Birmingham AL,12.03.2022
131,,,Rosaline Effiong,(52.45),08.05.01,USA
132,,,Jayla Hollis,(52.71),03.09.02,USA
133,,,Shafiqua Maloney,(51.47),27.02.99,VIN
134,,,Britton Wilson,(50.61),13.11.00,USA
135,28.0,3:27.27,University of Kentucky -,1r1,Clemson,12.02.2022
136,,,Megan Moss,(53.44),22.03.02,BAH
137,,,Abby Steiner,(50.72),24.11.99,USA
138,,,Karimah Davis,(52.49),23.11.98,USA
139,,,Alexis Holmes,(50.84),28.01.00,USA
140,29.0,3:27.34,United States,1,Ad-Dawhah,14.03.2010
141,,,Debbie Dunn,(51.21),26.03.78,USA
142,,,Dee Dee Trotter,(52.54),08.12.82,USA
143,,,Natasha Hastings,(52.67),23.07.86,USA
144,,,Allyson Felix,(50.92),18.11.85,USA
145,30.0,3:27.40A,University of Oregon,1rA,Albuquerque,15.03.2014
146,,,Chizoba Okodogbe,(53.12),03.11.92,NGR
147,,,Laura Roesler,(51.25),19.12.91,USA
148,,,Christian Brennan,(52.40),27.03.95,CAN
149,,,Phyllis Francis,(50.64),04.05.92,USA
150,31.0,3:27.42A,University of Texas,2rA,Albuquerque,15.03.2014
151,,,Briana Nelson,(53.00),18.07.92,USA
152,,,Courtney Okolo,(51.22),15.03.94,USA
153,,,Kendall Baisden,(52.23),05.03.95,USA
154,,,Ashley Spencer,(50.99),06.06.93,USA
155,32.0,3:27.45,University of Southern C,1r4,College Station,10.03.2018
156,,,Kaelin Roberts,(52.32),06.01.99,USA
157,,,Anna Cockrell,(52.65),28.08.97,USA
158,,,Deanna Hill,(51.74),13.04.96,USA
159,,,Kendall Ellis,(50.75),08.03.96,USA
160,33.0,3:27.56,Great Britain & N.I.,1,Göteborg,03.03.2013
161,,,Eilidh Doyle,(52.21),20.02.87,GBR
162,,,Shana Cox,(52.25),22.01.85,GBR
163,,,Christine Ohuruogu,(51.88),17.05.84,GBR
164,,,Perri Shakes-Drayton,(51.22),21.12.88,GBR
165,33.0,3:27.56,University of Southern C,1r1,Clemson,10.02.2018
166,,,Kyra Constantine,(52.96),01.08.98,CAN
167,,,Anna Cockrell,(52.26),28.08.97,USA
168,,,Deanna Hill,(52.24),13.04.96,USA
169,,,Kendall Ellis,(50.11),08.03.96,USA
170,35.0,3:27.57,University of Arkansas,1r3,Fayetteville,25.02.2023
171,,,Joanne Reid,(52.94),25.12.01,JAM
172,,,Rosaline Effiong,(52.29),08.05.01,USA
173,,,Amber Anning,(50.93),18.11.00,GBR
174,,,Britton Wilson,(51.43),13.11.00,USA
175,36.0,3:27.58,University of Florida,2r7,Fayetteville,28.01.2023
176,,,Laila Owens,(53.03),24.10.02,USA
177,,,Jayla Hollis,(51.26),03.09.02,USA
178,,,Vanessa Watson,(52.86),28.10.01,USA
179,,,Talitha Diggs,(50.44),22.08.02,USA
180,37.0,3:27.59,United States,3,Maebashi,07.03.1999
181,,,Monique Hennagan,(52.20),26.05.76,USA
182,,,Michelle Collins,(51.37),12.02.71,USA
183,,,Zundra Feagin-Alexander,(52.76),12.07.73,USA
184,,,Shanelle Porter,(51.26),20.01.72,USA
185,38.0,3:27.66,United States,2,Paris,09.03.1997
186,,,Shanelle Porter,(52.81),20.01.72,USA
187,,,Natasha Kaiser-Brown,(52.25),14.05.67,USA
188,,,Anita Howard,(52.35),22.03.69,USA
189,,,Jearl Miles-Clark,(50.25),04.09.66,USA
190,38.0,3:27.66,University of Texas,1r3,Fayetteville,15.03.2003
191,,,Naleya Keasha Downer,(52.8),27.01.80,JAM
192,,,Raasin McIntosh,(51.7),29.04.82,USA
193,,,Moushami Robinson,(51.5),13.04.81,USA
194,,,Sanya Richards,(51.7),26.02.85,JAM
195,40.0,3:27.83,Belarus,1,Birmingham,04.03.2007
196,,,Yulianna Yuschanka,(53.16),14.08.84,BLR
197,,,Irina Khlyustova,(52.07),25.08.78,BLR
198,,,Sviatlana Usovich,(52.01),14.10.80,BLR
199,,,Ilona Usovich,(50.59),14.11.82,BLR
200,41.0,3:27.90,Great Britain & N.I.,3,Sopot,09.03.2014
201,,,Eilidh Doyle,(52.25),20.02.87,GBR
202,,,Shana Cox,(51.80),22.01.85,GBR
203,,,Margaret Adeoye,(51.33),22.04.85,GBR
204,,,Christine Ohuruogu,(52.52),17.05.84,GBR
205,42.0,3:27.91,University of Southern C,2r3,Fayetteville,13.03.2021
206,,,Bailey Lear,(52.75),17.03.01,USA
207,,,Jan´Taijah Jones,(51.92),05.03.01,USA
208,,,Nicole Yeargin,(52.08),11.08.97,GBR
209,,,Kaelin Roberts,(51.17),06.01.99,USA
210,43.0,3:27.94,University of Texas,1rA,Fayetteville,13.02.2016
211,,,Chris-Ann Gordon,(52.26),18.09.94,JAM
212,,,Morolake Akinosun,(51.70),17.05.94,USA
213,,,Ariel Jones,(53.40),18.07.95,USA
214,,,Courtney Okolo,(50.59),15.03.94,USA
215,44.0,3:27.95,Soviet Union,2,Sevilla,10.03.1991
216,,,Marina Shmonina,(53.0),09.02.65,UZB
217,,,Lyudmila Dzhigalova,(51.9),22.01.62,UKR
218,,,Margarita Ponomaryova,(51.9),19.06.63,RUS
219,,,Aelita Yurchenko,(51.2),01.01.65,UKR
220,45.0,3:28.00,Russia,1,Madrid,06.03.2005
221,,,Tatyana Levina,(52.61),28.02.77,RUS
222,,,Yuliya Pechonkina,(51.43),21.04.78,RUS
223,,,Irina Rosikhina,(53.02),11.05.75,RUS
224,,,Svetlana Pospelova,(50.94),24.12.79,RUS
225,46.0,3:28.05,University of Texas,2r1,Clemson,12.02.2022
226,,,Stacey-Ann Williams,(52.13),08.03.99,JAM
227,,,Rhasidat Adeleke,(51.70),29.08.02,IRL
228,,,Davicia Patterson,(53.66),15.12.00,IRL
229,,,Kennedy Simon,(50.55),12.02.00,USA
230,47.0,3:28.07,University of Arkansas,3r3,Fayetteville,13.03.2021
231,,,Paris Peoples,(52.83),27.05.00,USA
232,,,Morgan Burks-Magee,(52.18),06.03.99,USA
233,,,Tiana Wilson,(52.25),19.07.00,USA
234,,,Shafiqua Maloney,(50.83),27.02.99,VIN
235,48.0,3:28.16,Russia,2,Birmingham,04.03.2007
236,,,Oleysa Zykina,(52.39),07.10.80,RUS
237,,,Natalya Ivanova,(52.19),25.06.81,RUS
238,,,Zhanna Kashcheyeva,(52.79),27.07.82,RUS
239,,,Natalya Antyukh,(50.79),26.06.81,RUS
240,49.0,3:28.17,Russia,1,Valencia,09.03.2008
241,,,Yuliya Gushchina,(52.56),04.03.83,RUS
242,,,Tatyana Levina,(52.37),28.02.77,RUS
243,,,Natalya Nazarova,(52.54),22.05.79,RUS
244,,,Oleysa Zykina,(50.90),07.10.80,RUS
245,50.0,3:28.18,Russia,2,Göteborg,03.03.2013
246,,,Olga Tovarnova,(52.98),11.04.85,RUS
247,,,Tatyana Veshkurova,(52.24),23.09.81,RUS
248,,,Nadezhda Kotlyarova,(51.56),12.06.89,RUS
249,,,Kseniya Zadorina,(51.40),02.03.87,RUS
250,51.0,3:28.20,Great Britain & N.I.,2,Torun,07.03.2021
251,,,Zoey Clark,(51.83),25.10.94,GBR
252,,,Jodie Williams,(52.17),28.09.93,GBR
253,,,Amarachi Pipi,(52.62),26.11.95,GBR
254,,,Jessie Knight,(51.58),15.06.94,GBR
255,52.0,3:28.25,University of South Caro,2r3,Fayetteville,15.03.2003
256,,,Naleya Keasha Downer,(52.7),27.01.80,JAM
257,,,Raasin McIntosh,(51.6),29.04.82,USA
258,,,Moushami Robinson,(51.8),13.04.81,USA
259,,,Sanya Richards-Ross,(51.6),26.02.85,USA
260,53.0,3:28.27,University of Texas,1r3,Birmingham AL,12.03.2016
261,,,Chris-Ann Gordon,(52.42),18.09.94,JAM
262,,,Ariel Jones,(53.02),18.07.95,USA
263,,,Morolake Akinosun,(52.07),17.05.94,USA
264,,,Courtney Okolo,(50.77),15.03.94,USA
265,53.0,3:28.27,University of Texas,2r3,Birmingham AL,12.03.2022
266,,,Stacey-Ann Williams,(53.39),08.03.99,JAM
267,,,Rhasidat Adeleke,(51.27),29.08.02,IRL
268,,,Davicia Patterson,(53.17),15.12.00,IRL
269,,,Kennedy Simon,(50.78),12.02.00,USA
270,55.0,3:28.36,Texas A&M University,3r3,College Station,11.03.2017
271,,,Jaevin Reed,(52.08),05.02.98,USA
272,,,Briyhana Desrosiers,(52.35),11.03.96,USA
273,,,Danyel White,(51.79),10.02.98,USA
274,,,Jazmine Fray,(52.15),06.06.97,USA
275,56.0,3:28.37,Hurdlemechanic,1r5,Fayetteville,11.02.2023
276,,,Nicole Yeargin,(52.90),11.08.97,GBR
277,,,Andrenette Knight,(51.16),19.11.96,JAM
278,,,Dalilah Muhammad,(52.17),07.02.90,USA
279,,,Alexis Holmes,(51.16),28.01.00,USA
280,57.0,3:28.39,Germany,3,Paris,09.03.1997
281,,,Anja Rücker,(52.62),20.12.72,GER
282,,,Anke Feller,(52.67),26.09.71,GER
283,,,Heike Meißner,(51.57),29.01.70,GER
284,,,Grit Breuer,(51.53),16.02.72,GER
285,57.0,3:28.39,University of Arkansas -,1r1,Fayetteville,12.02.2022
286,,,Britton Wilson,(51.88),13.11.00,USA
287,,,Jayla Hollis,(51.93),03.09.02,USA
288,,,Paris Peoples,(53.00),27.05.00,USA
289,,,Rosaline Effiong,(51.59),08.05.01,USA
290,59.0,3:28.40,Jamaica,1,Beograd,20.03.2022
291,,,Junelle Bromfield,(52.36),08.02.98,JAM
292,,,Janieve Russell,(51.52),14.11.93,JAM
293,,,Roneisha McGregor,(53.57),09.10.97,JAM
294,,,Stephenie Ann McPherson,(50.95),25.11.88,JAM
295,60.0,3:28.43,University of Arkansas,2r5,Fayetteville,11.02.2023
296,,,Ashanti Denton,(52.83),23.07.02,USA
297,,,Aaliyah Pyatt,(53.09),24.01.03,USA
298,,,Britton Wilson,(50.59),13.11.00,USA
299,,,Joanne Reid,(51.93),25.12.01,JAM
300,61.0,3:28.45,Russia,1,Birmingham,16.03.2003
301,,,Natalya Antyukh,(51.55),26.06.81,RUS
302,,,Yuliya Pechonkina,(51.75),21.04.78,RUS
303,,,Oleysa Zykina,(52.87),07.10.80,RUS
304,,,Natalya Nazarova,(52.28),22.05.79,RUS
305,62.0,3:28.47,Czech Republic,4,Paris,09.03.1997
306,,,Nadezhda Kostovalová,(53.35),10.09.71,CZE
307,,,Ludmila Formanová,(52.40),02.01.74,CZE
308,,,Helena Fuchsová,(52.20),03.06.65,CZE
309,,,Hana Benesová,(50.52),19.04.75,CZE
310,62.0,3:28.47,Belarus,1h2,Moskva,12.03.2006
311,,,Natallia Salahub,(52.60),31.03.75,BLR
312,,,Anna Kozak,(52.22),22.06.74,BLR
313,,,Yulianna Yuschanka,(52.55),14.08.84,BLR
314,,,Ilona Usovich,(51.10),14.11.82,BLR
315,64.0,3:28.48,University of Texas,1r3,Fayetteville,14.03.2015
316,,,Morolake Akinosun,(53.99),17.05.94,USA
317,,,Ashley Spencer,(51.26),06.06.93,USA
318,,,Kendall Baisden,(50.36),05.03.95,USA
319,,,Courtney Okolo,(52.88),15.03.94,USA
320,65.0,3:28.49,Czech Republic,3,Göteborg,03.03.2013
321,,,Denisa Rosolová,(52.14),21.08.86,CZE
322,,,Jitka Bartonicková,(52.65),22.12.85,CZE
323,,,Lenka Masná,(52.32),22.04.85,CZE
324,,,Zuzana Hejnová,(51.38),19.12.86,CZE
325,66.0,3:28.50,University of Arkansas,1r2,Fayetteville,27.02.2021
326,,,Morgan Burks-Magee,(52.58),06.03.99,USA
327,,,Rosaline Effiong,(52.07),08.05.01,USA
328,,,Shafiqua Maloney,(51.84),27.02.99,VIN
329,,,Kethlin Campbell,(52.02),29.04.99,USA
330,67.0,3:28.57,The Netherlands,2,Beograd,20.03.2022
331,,,Lieke Klaver,(52.13),20.08.98,NED
332,,,Eveline Saalberg,(52.76),30.07.98,NED
333,,,Lisanne de Witte,(53.42),10.09.92,NED
334,,,Femke Bol,(50.26),23.02.00,NED
335,68.0,3:28.58A,University of Southern C,1r2,Albuquerque,11.03.2023
336,,,Bailey Lear,(52.00),17.03.01,USA
337,,,Jasmine Jones,(51.60),30.11.01,USA
338,,,Yemi Mary John,(52.78),03.05.03,GBR
339,,,Jan´Taijah Jones,(52.21),05.03.01,USA
340,69.0,3:28.59,Poland,3,Beograd,20.03.2022
341,,,Natalia Kaczmarek,(52.43),17.01.98,POL
342,,,Iga Baumgart-Witan,(52.53),11.04.89,POL
343,,,Kinga Gacka,(53.04),25.10.01,POL
344,,,Justyna Swiety-Ersetic,(50.59),03.12.92,POL
345,70.0,3:28.61,Italy,2,Istanbul,05.03.2023
346,,,Ayomide Folorunso,(51.69),17.10.96,ITA
347,,,Anna Polinari,(52.07),07.02.99,ITA
348,,,Alice Mangione,(52.62),19.01.97,ITA
349,,,Eleonora Marchiando,(52.23),27.09.97,ITA
350,71.0,3:28.62,University of Alabama,4r3,College Station,11.03.2017
351,,,Takyera Roberson,(52.00),07.05.98,USA
352,,,Alex Gholston,(51.98),03.01.95,USA
353,,,Diamond Gause,(52.81),04.04.94,USA
354,,,Domonique Williams,(51.85),08.08.94,TTO
355,72.0,3:28.63,United States,2,Moskva,12.03.2006
356,,,Debbie Dunn,(52.83),26.03.78,USA
357,,,Tiffany Williams,(51.77),05.02.83,USA
358,,,Monica Hargrove,(52.44),30.12.82,USA
359,,,Mary Wineberg,(51.59),03.01.80,USA
360,72.0,3:28.63,United States,4,Beograd,20.03.2022
361,,,Na'Asha Robinson,(53.12),23.01.97,USA
362,,,Jessica Beard,(52.09),08.01.89,USA
363,,,Brittany Aveni,(52.46),18.01.98,USA
364,,,Lynna Irby-Jackson,(50.96),06.12.98,USA
365,74.0,3:28.65,Belarus,3,Moskva,12.03.2006
366,,,Natallia Salahub,(52.65),31.03.75,BLR
367,,,Anna Kozak,(51.59),22.06.74,BLR
368,,,Yulianna Yuschanka,(53.00),14.08.84,BLR
369,,,Ilona Usovich,(51.41),14.11.82,BLR
370,75.0,3:28.69,University of Texas,1r2,Fayetteville,13.03.2004
371,,,Raasin McIntosh,(53.6),29.04.82,USA
372,,,Jerrika Chapple,(50.9),11.09.84,USA
373,,,Sheretta Jones,(53.0),12.09.83,USA
374,,,Sanya Richards-Ross,(51.2),26.02.85,USA
375,75.0,3:28.69,Great Britain & N.I.,3,Birmingham,04.03.2007
376,,,Emma Duck,(53.63),09.02.81,GBR
377,,,Nicola Sanders,(50.60),23.06.82,GBR
378,,,Kim Wall,(53.38),21.04.83,GBR
379,,,Lee McConnell,(51.08),09.10.78,GBR
380,77.0,3:28.70,University of Arkansas,2r3,Fayetteville,14.03.2015
381,,,Daina Harper,(53.51),26.05.95,USA
382,,,Sparkle McKnight,(51.79),21.12.91,TTO
383,,,Chrishuna Williams,(52.96),31.03.93,USA
384,,,Taylor Ellis-Watson,(52.18),06.05.93,USA
385,78.0,3:28.71,France,4,Göteborg,03.03.2013
386,,,Myriam Soumaré,(53.75),29.10.86,FRA
387,,,Muriel Hurtis,(51.82),25.03.79,FRA
388,,,Phara Anacharis,(51.48),17.12.83,FRA
389,,,Marie Gayot,(51.66),18.12.89,FRA
390,79.0,3:28.76,Great Britain & N.I.,1,Istanbul,11.03.2012
391,,,Shana Cox,(52.82),22.01.85,GBR
392,,,Nicola Sanders,(52.48),23.06.82,GBR
393,,,Christine Ohuruogu,(51.98),17.05.84,GBR
394,,,Perri Shakes-Drayton,(51.48),21.12.88,GBR
395,80.0,3:28.77,Poland,1,Glasgow,03.03.2019
396,,,Anna Kielbasinska,(52.45),26.06.90,POL
397,,,Iga Baumgart-Witan,(51.41),11.04.89,POL
398,,,Malgorzata Holub-Kowalik,(52.63),30.10.92,POL
399,,,Justyna Swiety-Ersetic,(52.28),03.12.92,POL
400,80.0,3:28.77,University of Kentucky,3r3,Birmingham AL,23.03.2022
401,,,Megan Moss,(52.67),22.03.02,BAH
402,,,Abby Steiner,(51.47),24.11.99,USA
403,,,Karimah Davis,(51.90),23.11.98,USA
404,,,Alexis Holmes,(52.75),28.01.00,USA
405,82.0,3:28.79,United States,2,Istanbul,11.03.2012
406,,,Leslie Cole,(52.59),16.02.87,USA
407,,,Natasha Hastings,(51.33),23.07.86,USA
408,,,Jernail Hayes,(53.52),08.07.88,USA
409,,,Sanya Richards-Ross,(51.35),26.02.85,USA
410,83.0,3:28.80,Soviet Union,1,Paris,23.02.1991
411,,,Marina Shmonina,(53.3),09.02.65,RUS
412,,,Margarita Ponomaryova,(52.2),19.06.63,RUS
413,,,Lyudmila Dzhigalova,(52.0),22.01.62,UKR
414,,,Aelita Yurchenko,(51.3),01.01.65,UKR
415,84.0,3:28.81,University of South Caro,1r1,Lubbock,13.02.2021
416,,,Bailey Lear,(52.68),17.03.01,USA
417,,,Jan´Taijah Jones,(52.45),05.03.01,USA
418,,,Kimberly Harris,(51.94),11.07.02,USA
419,,,Nicole Yeargin,(51.74),11.08.97,GBR
420,85.0,3:28.82,University of Southern C,2rA,Fayetteville,13.02.2016
421,,,Kendall Ellis,(52.30),08.03.96,USA
422,,,Amalie Hammild Iuel,(52.93),17.04.94,NOR
423,,,Deanna Hill,(51.76),13.04.96,USA
424,,,Jaide Stepter Baynes,(51.84),25.04.94,USA
425,85.0,3:28.82,Purdue University,2r4,College Station,10.03.2018
426,,,Chloe Abbott,(52.85),25.07.98,USA
427,,,Brionna Thomas,(51.88),21.03.96,USA
428,,,Carmiesha Cox,(52.07),16.05.95,BAH
429,,,Jahneya Mitchell,(52.04),,USA
430,85.0,3:28.82,University of Kentucky,2r2,Fayetteville,27.02.2021
431,,,Megan Moss,(52.96),22.03.02,BAH
432,,,Abby Steiner,(51.42),24.11.99,USA
433,,,Masai Russell,(53.53),17.06.00,USA
434,,,Dajour Miles,(50.93),25.07.01,USA
435,85.0,3:28.82,United States,1h1,Beograd,20.03.2022
436,,,Jessica Beard,(51.89),08.01.89,USA
437,,,Brittany Aveni,(51.94),18.01.98,USA
438,,,Natashia Jackson,(53.10),04.08.98,USA
439,,,Lynna Irby-Jackson,(51.89),06.12.98,USA
440,89.0,3:28.85A,Texas A&M University,1r1,Albuquerque,04.02.2023
441,,,Jermaisha Arnold,(51.77),05.02.02,USA
442,,,Kennedy Wade,(51.82),22.07.03,USA
443,,,Tierra Robinson-Jones,(52.49),22.11.99,USA
444,,,Jania Martin,(51.51),09.05.00,USA
445,90.0,3:28.90,Belarus,2,Valencia,09.03.2008
446,,,Anna Kozak,(53.18),22.06.74,BLR
447,,,Irina Khlyustova,(52.95),25.08.78,BLR
448,,,Sviatlana Usovich,(51.60),14.10.80,BLR
449,,,Ilona Usovich,(51.17),14.11.82,BLR
450,91.0,3:28.95,Poland,4,Moskva,12.03.2006
451,,,Grazyna Prokopek,(52.37),20.04.77,POL
452,,,Monika Bejnar,(51.36),10.03.81,POL
453,,,Marta Chrust-Rozej,(52.99),29.09.78,POL
454,,,Malgorzata Pskit,(52.23),25.05.76,POL
455,92.0,3:29.00,United States,3,Sevilla,10.03.1991
456,,,Terri Dendy,(53.7),08.05.65,USA
457,,,Lillie Leatherwood,(52.9),06.07.64,USA
458,,,Jearl Miles-Clark,(52.2),04.09.66,USA
459,,,Diane Dixon,(50.2),23.09.64,USA
460,93.0,3:29.06,Germany,4,Maebashi,07.03.1999
461,,,Anja Knippel,(52.76),19.08.74,GER
462,,,Anja Rücker,(52.01),20.12.72,GER
463,,,Ulrike Urbansky,(53.37),06.04.77,GER
464,,,Grit Breuer,(50.92),16.02.72,GER
465,93.0,3:29.06,Louisiana State Universi,1r2,Fayetteville,27.02.2005
466,,,Brooklyn Morris,,27.03.86,USA
467,,,Neisha Bernard-Thomas,,21.01.81,GRN
468,,,Deonna Lawrence,,21.03.86,USA
469,,,Hazel-Ann Regis,,01.02.81,GRN
470,93.0,3:29.06,United States,1h2,Sopot,08.03.2014
471,,,Natasha Hastings,(52.36),23.07.86,USA
472,,,Jernail Hayes,(52.67),08.07.88,USA
473,,,Monica Hargrove,(52.17),30.12.82,USA
474,,,Cassandra Tate,(51.86),11.09.90,USA
475,96.0,3:29.08A,University of Kentucky,2r2,Albuquerque,11.03.2023
476,,,Karimah Davis,(51.66),23.11.98,USA
477,,,Masai Russell,(52.84),17.06.00,USA
478,,,Megan Moss,(52.74),22.03.02,BAH
479,,,Dajour Miles,(51.85),25.07.01,USA
480,97.0,3:29.12,Russia,1,Torino,08.03.2009
481,,,Natalya Antyukh,(53.19),26.06.81,RUS
482,,,Darya Safonova,(52.08),21.03.80,RUS
483,,,Yelena Voynova,(52.99),10.03.85,RUS
484,,,Antonina Krivoshapka,(50.86),21.07.87,RUS
485,98.0,3:29.15,Texas A&M University,1r3,Fayetteville,23.02.2019
486,,,Julia Madubuike,(52.77),16.04.99,USA
487,,,Tierra Robinson-Jones,(52.08),22.11.99,USA
488,,,Jaevin Reed,(52.39),05.02.98,USA
489,,,Syaira Richardson,(51.91),29.10.98,USA
490,99.0,3:29.29,Russia,1,Barcelona,12.03.1995
491,,,Tatyana Chebykina,(52.67),22.11.68,RUS
492,,,Yelena Ruzina,(52.68),23.07.64,RUS
493,,,Yekaterina Kulikova,(52.62),07.11.68,RUS
494,,,Svetlana Goncharenko,(51.32),26.05.71,RUS
495,10.0,3:29.30,United States,3,Valencia,09.03.2008
496,,,Angel Perkins,(53.18),05.10.84,USA
497,,,Miriam Barnes,(52.93),14.11.83,USA
498,,,Shareese Woods,(51.53),20.02.85,USA
499,,,Moushami Robinson,(51.66),13.04.81,USA
500,10.0,3:29.31,Poland,3,Istanbul,05.03.2023
501,,,Anna Kielbasinska,(51.39),26.06.90,POL
502,,,Marika Popowicz,(51.76),28.04.88,POL
503,,,Agnieszka Wrona,(53.42),05.05.82,POL
504,,,Anna Palys,(52.74),02.03.95,POL
505,10.0,3:29.33,Louisiana State Universi,1r3,Fayetteville,11.03.2006
506,,,Brooklyn Morris,(52.7),27.03.86,USA
507,,,Juanita Broaddus,(53.1),12.05.85,USA
508,,,Cynetheia Rooks,(52.3),18.02.84,USA
509,,,Deonna Lawrence,(51.2),21.03.86,USA
510,10.0,3:29.34,Russia,1,Paris,06.03.2011
511,,,Kseniya Zadorina,(52.12),02.03.87,RUS
512,,,Kseniya Ryzhova,(53.21),19.04.87,RUS
513,,,Yelena Migunova,(52.44),04.01.84,RUS
514,,,Olesya Krasnomovets,(51.57),08.07.79,RUS
515,10.0,3:29.36,University of Texas,1rA,Fayetteville,14.02.2015
516,,,Morolake Akinosun,,17.05.94,USA
517,,,Ashley Spencer,,06.06.93,USA
518,,,Courtney Okolo,,15.03.94,USA
519,,,Kendall Baisden,,05.03.95,USA
520,10.0,3:29.36,University of Alabama,1r3,College Station,29.02.2020
521,,,Takyera Roberson,(53.45),07.05.98,USA
522,,,D´Jai Baker,(51.93),01.09.98,USA
523,,,Tamara Clark,(52.66),09.01.99,USA
524,,,Natassha McDonald,(51.33),27.01.97,CAN
525,10.0,3:29.36,University of South Caro,3r1,Clemson,12.02.2022
526,,,Makenzie Dunmore,(52.32),07.10.97,USA
527,,,Stephanie Davis,(51.03),07.02.99,USA
528,,,Alysia Johnson,(53.12),06.07.02,USA
529,,,Aaliyah Pyatt,(52.88),24.01.03,USA
530,10.0,3:29.36,The Netherlands,2h1,Beograd,20.03.2022
531,,,Lieke Klaver,(51.63),20.08.98,NED
532,,,Eveline Saalberg,(52.11),30.07.98,NED
533,,,Anniemieke Bouma,(53.44),12.03.56,NED
534,,,Lisanne de Witte,(52.18),10.09.92,NED
535,10.0,3:29.37,Poland,2,Madrid,06.03.2005
536,,,Anna Guzowska,(53.01),15.01.80,POL
537,,,Monika Bejnar,(52.35),10.03.81,POL
538,,,Marta Chrust-Rozej,(52.06),29.09.78,POL
539,,,Malgorzata Pskit,(51.95),25.05.76,POL
540,10.0,3:29.38,Great Britain & N.I.,3,Birmingham,04.03.2018
541,,,Meghan Beesley,(52.99),15.11.89,GBR
542,,,Hannah Williams,(51.91),23.04.98,GBR
543,,,Amy Allcock,(52.12),24.08.93,GBR
544,,,Zoey Clark,(52.36),25.10.94,GBR
545,10.0,3:29.38,University of Arkansas -,1r3,Fayetteville,19.01.2022
546,,,Morgan Burks-Magee,(53.14),06.03.99,USA
547,,,Shafiqua Maloney,(51.9),27.02.99,VIN
548,,,Jada Baylark,(52.38),17.10.97,USA
549,,,Rosaline Effiong,(51.61),08.05.01,USA
550,11.0,3:29.41,University of Florida,1r3,College Station,10.03.2018
551,,,Brandeé Johnson,(53.79),03.04.98,USA
552,,,Taylor Manson,(51.89),29.09.99,USA
553,,,Lauryn Ghee,(53.64),30.10.98,USA
554,,,Sharrika Barnett,(50.11),16.04.97,USA
555,11.0,3:29.43,Jamaica,2h2,Sopot,08.03.2014
556,,,Verone Chambers,(53.79),16.12.88,JAM
557,,,Anneisha McLaughlin-Whil,(52.21),06.01.86,JAM
558,,,Natoya Goule,(52.51),30.03.91,JAM
559,,,Stephenie Ann McPherson,(50.92),25.11.88,JAM
560,11.0,3:29.44,United States,2h2,Moskva,12.03.2006
561,,,Debbie Dunn,(52.77),26.03.78,USA
562,,,Tiffany Williams,(52.19),05.02.83,USA
563,,,Monica Hargrove,(52.27),30.12.82,USA
564,,,Kia Davis,(52.21),23.05.76,USA
565,11.0,3:29.48,Poland,3h2,Sopot,08.03.2014
566,,,Ewelina Ptak,(53.78),20.03.87,POL
567,,,Patrycyja Wyciszkiewicz,(51.98),08.01.94,POL
568,,,Joanna Linkiewicz,(52.37),02.05.90,POL
569,,,Malgorzata Holub-Kowalik,(51.35),30.10.92,POL
570,11.0,3:29.50,Auburn University,2r3,Fayetteville,11.03.2006
571,,,Josanne Lucas,(53.5),14.05.84,TTO
572,,,Tamara Thomas,(52.6),10.03.83,USA
573,,,Kerron Stewart,(52.4),16.04.84,JAM
574,,,Markita James,(51.0),28.06.83,USA
575,11.0,3:29.54,Jamaica,5,Moskva,12.03.2006
576,,,Shellene Williams,(53.26),19.02.81,JAM
577,,,Novlene Williams-Mills,(51.42),26.04.82,JAM
578,,,Moya Thompson,(52.18),19.02.81,JAM
579,,,Allison Beckford,(52.68),08.05.79,JAM
580,11.0,3:29.55,Russia,3,Istanbul,11.03.2012
581,,,Yuliya Gushchina,(52.15),04.03.83,RUS
582,,,Kseniya Aksyonova,(51.99),14.01.88,RUS
583,,,Marina Karnaushchenko,(53.30),02.10.88,RUS
584,,,Aleksandra Fedoriva,(52.11),13.09.88,RUS
585,11.0,3:29.55,Great Britain & N.I.,2,Glasgow,03.03.2019
586,,,Laviai Nielsen,,13.03.96,GBR
587,,,Zoey Clark,,25.10.94,GBR
588,,,Amber Anning,,18.11.00,GBR
589,,,Eilidh Doyle,,20.02.87,GBR
590,11.0,3:29.56,University of South Caro,2r3,Fayetteville,23.02.2019
591,,,Stephanie Davis,(52.15),07.02.99,USA
592,,,Aliyah Abrams,(51.78),03.04.97,GUY
593,,,Tatyana Mills,(53.88),,JAM
594,,,Wadeline Jonathas,(51.77),19.02.98,HAI
595,12.0,3:29.57,University of South Caro,1r3,Fayetteville,10.03.2007
596,,,Stephanie Smith,(53.65),27.06.85,USA
597,,,Krystal Cantey,(52.78),27.06.87,USA
598,,,Brandi Cross,(52.46),20.01.88,USA
599,,,Natasha Hastings,(50.68),23.07.86,USA
600,12.0,3:29.57,University of Florida,3r3,Fayetteville,23.02.2019
601,,,Taylor Manson,(52.96),29.09.99,USA
602,,,Nicole Stephens,(52.98),14.10.98,USA
603,,,Sharrika Barnett,(51.43),16.04.97,USA
604,,,Doneisha Anderson,(52.22),21.09.00,BAH
605,12.0,3:29.58,University of Florida,1,Lexington,24.01.2015
606,,,Robin Reynolds,,22.02.94,USA
607,,,Destinee Gause,,04.04.94,USA
608,,,Kyra Jefferson,,23.09.94,USA
609,,,Claudia Francis,,14.11.93,USA
610,12.0,3:29.59,Great Britain & N.I.,3h2,Moskva,12.03.2006
611,,,Melanie Purkiss,(53.38),11.03.79,GBR
612,,,Jennifer Meadows,(51.64),17.04.81,GBR
613,,,Emma Duck,(52.44),09.02.81,GBR
614,,,Helen Karagounis,(52.13),28.09.81,GBR
615,12.0,3:29.60,University of Arkansas,1r3,Faytteville,24.02.2013
616,,,Regina George,,17.02.91,NGR
617,,,Sparkle McKnight,,21.12.91,TTO
618,,,Gwendolyn Flowers,,05.11.91,USA
619,,,Chrishuna Williams,,31.03.93,USA
620,12.0,3:29.63,University of Southern C,1r2,Fayetteville,14.03.2015
621,,,Jaide Stepter Baynes,(52.85),25.04.94,USA
622,,,Amalie Hammild Iuel,(52.08),17.04.94,DEN
623,,,Kendall Ellis,(52.87),08.03.96,USA
624,,,Vanessa Jones,(51.84),01.01.93,USA
625,12.0,3:29.65,University of Arkansas,1r2,Birmingham AL,12.03.2016
626,,,Daina Harper,(53.91),26.05.95,USA
627,,,Monisa Dobbins,(52.53),,USA
628,,,Brianna Swinton,(52.71),11.10.94,USA
629,,,Taylor Ellis-Watson,(50.51),06.05.93,USA
630,12.0,3:29.67,Nigeria,4h2,Sopot,08.03.2014
631,,,Omolara Omotosho,(53.51),25.05.93,NGR
632,,,Patience Okon George,(51.99),25.11.91,NGR
633,,,Bukola Abogunloko,(52.58),18.08.94,NGR
634,,,Folashade Abugan,(51.59),28.12.90,NGR
635,12.0,3:29.69,University of Arkansas,4r3,Fayetteville,23.02.2019
636,,,Kiara Parker,(53.24),28.10.96,USA
637,,,Morgan Burks-Magee,(51.94),06.03.99,USA
638,,,Payton Chadwick,(53.04),29.11.95,USA
639,,,Kethlin Campbell,(51.49),29.04.99,USA
640,12.0,3:29.69,Louisiana State Universi,1r2,Fayetteville,13.03.2021
641,,,Symone Mason,(53.40),31.08.99,USA
642,,,Favour Ofili,(51.92),31.12.02,NGR
643,,,Milan Young,(52.93),22.06.99,USA
644,,,Amber Anning,(51.46),18.11.00,GBR
645,13.0,3:29.70,Great Britain & N.I.,6,Moskva,12.03.2006
646,,,Melanie Purkiss,(53.54),11.03.79,GBR
647,,,Jennifer Meadows,(51.69),17.04.81,GBR
648,,,Emma Duck,(52.21),09.02.81,GBR
649,,,Helen Karagounis,(52.26),28.09.81,GBR
650,13.0,3:29.72,Texas A&M University,1,College Station,12.03.2011
651,,,Jeneba Tarmoh,(54.38),27.09.89,USA
652,,,Ibukun Mayungbe,(51.51),15.04.92,NGR
653,,,Andrea Sutherland,(52.76),26.05.88,JAM
654,,,Jessica Beard,(51.09),08.01.89,USA
655,13.0,3:29.74,Texas A&M University,1,Clemson,11.02.2017
656,,,Jaevin Reed,(53.03),05.02.98,USA
657,,,Danyel White,(52.41),10.02.98,USA
658,,,Jazmine Fray,(51.99),06.06.97,USA
659,,,Kadecia Baird,(52.32),24.02.95,GUY
660,13.0,3:29.77,University of Oregon,2r2,Birmingham AL,12.03.2016
661,,,Alaysha Johnson,(54.35),20.07.96,USA
662,,,Deajah Stevens,(51.98),19.05.95,USA
663,,,Brooke Feldmeier,(52.04),26.01.96,USA
664,,,Raevyn Rogers,(51.41),07.09.96,USA
665,13.0,3:29.81,Great Britain & N.I.,3,Madrid,06.03.2005
666,,,Melanie Purkiss,(53.12),11.03.79,GBR
667,,,Donna Fraser,(52.72),07.11.72,GBR
668,,,Catherine Murphy,(51.93),21.09.75,GBR
669,,,Lee McConnell,(52.04),09.10.78,GBR
670,13.0,3:29.81,University of Southern C,1r5,Fayetteville,28.01.2023
671,,,Bailey Lear,(53.02),17.03.01,USA
672,,,Jan´Taijah Jones,(52.40),05.03.01,USA
673,,,Jasmine Jones,(52.09),30.11.01,USA
674,,,Kimberly Harris,(52.32),11.07.02,USA
675,13.0,3:29.82,Great Britain & N.I.,5,Beograd,20.03.2022
676,,,Hannah Williams,(53.85),23.04.98,GBR
677,,,Amarachi Pipi,(51.99),26.11.95,GBR
678,,,Yemi Mary John,(53.10),03.05.03,GBR
679,,,Jessie Knight,(50.88),15.06.94,GBR
680,13.0,3:29.85,Russia,1h2,Paris,08.03.1997
681,,,Tatyana Chebykina,(52.89),22.11.68,RUS
682,,,Natalya Sharova,(52.07),04.10.72,RUS
683,,,Yekaterina Bakhvalova,(53.67),29.10.72,RUS
684,,,Tatyana Alekseyeva,(51.22),07.10.63,RUS
685,13.0,3:29.85A,University of Oregon,1r1,Albuquerque,11.02.2017
686,,,Makenzie Dunmore,,07.10.97,USA
687,,,Deajah Stevens,,19.05.95,USA
688,,,Elexis Guster,,07.07.94,USA
689,,,Raevyn Rogers,,07.09.96,USA
690,13.0,3:29.88A,University of Florida,4r3,Albuquerque,11.03.2023
691,,,Laila Owens,(51.48),24.10.02,USA
692,,,Jayla Hollis,(51.48),03.09.02,USA
693,,,Vanessa Watson,(52.99),28.10.01,USA
694,,,Talitha Diggs,(53.94),22.08.02,USA
695,14.0,3:29.89,Poland,4,Sopot,09.03.2014
696,,,Ewelina Ptak,(54.49),20.03.87,POL
697,,,Malgorzata Holub-Kowalik,(51.83),30.10.92,POL
698,,,Patrycyja Wyciszkiewicz,(52.50),08.01.94,POL
699,,,Justyna Swiety-Ersetic,(51.07),03.12.92,POL
700,14.0,3:29.92,Texas A&M University,3r7,Fayetteville,28.01.2023
701,,,Kennedy Wade,(53.22),22.07.03,USA
702,,,Jermaisha Arnold,(51.34),05.02.02,USA
703,,,Jania Martin,(52.62),09.05.00,USA
704,,,Sanu Jallow,(52.75),04.04.03,USA
705,14.0,3:29.93,Texas A&M University,1r2,Fayetteville,10.03.2007
706,,,Tresha Henry,(53.19),23.09.83,JAM
707,,,Clora Williams,(51.67),26.11.83,JAM
708,,,Sandy Wooden,(52.64),15.01.88,USA
709,,,Katie Baker,(52.43),14.11.86,USA
710,14.0,3:29.94,Poland,1,Beograd,05.03.2017
711,,,Patrycyja Wyciszkiewicz,(54.09),08.01.94,POL
712,,,Malgorzata Holub-Kowalik,(52.55),30.10.92,POL
713,,,Iga Baumgart-Witan,(51.53),11.04.89,POL
714,,,Justyna Swiety-Ersetic,(51.77),03.12.92,POL
715,14.0,3:29.94,Poland,3,Torun,07.03.2021
716,,,Natalia Kaczmarek,(52.55),17.01.98,POL
717,,,Malgorzata Holub-Kowalik,(51.45),30.10.92,POL
718,,,Kornelia Lesiewicz,(53.35),14.08.03,POL
719,,,Aleksandra Gaworska,(52.59),07.11.95,POL
720,14.0,3:29.94,Louisiana State Universi,4r7,Fayetteville,28.01.2023
721,,,Hannah Douglas,(54.28),01.01.02,USA
722,,,Favour Ofili,(51.13),31.12.02,NGR
723,,,Michaela Rose,(51.98),13.06.03,USA
724,,,Kennedi Sanders,(52.56),16.04.03,USA
725,14.0,3:29.96,Belarus,2,Budapest,07.03.2004
726,,,Natalya Sologub,(52.63),31.03.75,BLR
727,,,Anna Kozak,(52.61),22.06.74,BLR
728,,,Ilona Usovich,(53.79),14.11.82,BLR
729,,,Sviatlana Usovich,(50.93),14.10.80,BLR
730,14.0,3:29.96,Texas A&M University,1r1,Clemson,09.02.2019
731,,,Jarra Owens,(53.24),12.11.96,USA
732,,,Tierra Robinson-Jones,(52.38),22.11.99,USA
733,,,Jaevin Reed,(52.79),05.02.98,USA
734,,,Syaira Richardson,(51.57),29.10.98,USA
735,14.0,3:29.98,University of Southern C,2r3,Birmingham AL,12.03.2016
736,,,Jaide Stepter Baynes,(53.55),25.04.94,USA
737,,,Kendall Ellis,(51.06),08.03.96,USA
738,,,Amalie Hammild Iuel,(52.98),17.04.94,NOR
739,,,Deanna Hill,(52.40),13.04.96,USA
